userid,text
qaz1210731,"äºŒåˆ·"
dodylee0107,"å‰ä¼Šå¡å“‡ï¼"
hyg125,"æ„Ÿè¬å‹•ç•«ç˜‹ï¼"
MilkTea157,"2025.11.24ç°½"
KingOrange69,"å‰ä¾å¥½å¯æ„›"
rwan123,"å“ˆå˜"
nehsh101,"ç°½"
zxc520031,"1"
d3498115,"å€‹"
pikachiuweii,"åƒ"
milkppt,"é çœŸçš„å¥½å¯æ„›"
Ceadda127,"ç°½"
bellaliu1230,"å¥½å¯æ„›å•ŠðŸ˜"
good78221125,"å…„å¼Ÿå€‘ æˆ‘ä¾†äº†ï¼"
Rei9488,"ç°½"
IONCHIPS,"ç¸½é»žé–±æ•¸åƒè¬äº†ï¼Œä»€éº¼æ™‚å€™å‡ºä¸­æ–‡çºŒé›†QAQ"
sunny254ww,"æˆ‘æ€Žéº¼å¯èƒ½æœƒè¼¸çµ¦å‰ä¼Šå¡å“‡"
gemmalinn,"å·´å“ˆæˆ‘å¤§å“¥"
k246836,"å…„å¼Ÿ"
a59875987,"ðŸ˜†"
coolmus64,"å…„å¼Ÿ"
bubble0315,"é€™çœŸçš„è¶…å¯æ„›"
jerry990126,"å¥½å¯æ„›"
kifar13,"å¥½æ£’å–”  è¬è¬å·´å“ˆ"
kkjt1030,"é€™éƒ¨å¾ˆæ²»ç™’ ä¹Ÿæœ‰ä¸€äº›ææ€–çš„ç´°ç¯€"
smile10101,"å¯æ„›"
cathykao1015,"æ„Ÿè¬å‹•ç•«ç˜‹ï¼"
Cute710,"1130611"
ncbob,"é«”æ„Ÿä¸€åˆ†é˜ç¬‘çˆ†....XD"
m617007,"ç°½"
zero77716,"è¬è¬å·´å“ˆå¤§å“¥"
kateihan0307,"å¥½å¯æ„›å•Šï¼æˆ‘çš„å¤©"
iorimo0u0,"å·´å“ˆæˆ‘å¤§å“¥å•Šå•Šå•Šå•Šå•Š"
zzxcc132465,"å…„å¼Ÿâ€¦"
amywei03,"æ—¥æœ¬"
hongyouc01,"ç°½"
Angrypig0212,"ç°½ï¼"
st5109185,"äºŒåˆ·"
kerrypeng62,"äº”åˆ·"
brianbon,"å‘€ï½žï½žï½žè€¶"
ray030716,"ä½ çŸ¥é“æˆ‘è¦èªªä»€éº¼ã€‚(gif"
Noisyfish,"2024/7/3ç°½:D"
loenyen73,"ç˜¦ç‰ˆçƒè–©å¥‡"
blight0710,"ä¼Šå‘€å“ˆï½ž"
kevinlin5220,"è¶…ä¸‰å°"
adcw,"(Â´ï½¥Ï‰ï½¥`)"
marux3,"å…”å…”"
hoen0531,"å…„å¼Ÿï¼Œä½ é¦™"
hauch000727,"å…„å¼Ÿ..."
tjh0528,"ç°½"
Euphie617,"é€™æ™‚å€™è²å„ªé‚„å¾ˆå…‹åˆ¶å‘¢ï¼Œå¯æ„›å¯æ„›çš„ï¼Œå¾Œé¢å°±"
s2p7hc2r9g,"30ç§’å»£å‘Š é€²ä¾†çœ‹1åˆ†é˜:ï¼‰"
JiaRui0719,"ç°½"
mken,"å…„å¼Ÿ"
erichuang80s,"é˜ªæ€¥é›»éµæœ‰æ­åˆ°"
Mia1020214,"è®šè®š"
z7957309,"ç¬¬ä¸€æ¬¡çœ‹å‹•ç•«"
as22768221,"å…„å¼Ÿ...å…„å¼Ÿ..."
fe6793,"å‘€å“ˆ"
DKLin0218,"å…”å­çŽ©å¾—é‚£éº¼é–‹å¿ƒï¼Œæˆ‘è½äº†ä¹Ÿå¥½é–‹å¿ƒ"
cutez77,"å·´å“ˆæˆ‘å¤§å“¥å•Šå•Šå•Šå•Šå•Šå•Šï¼å‘€ï½žï½žï½žï½žå“ˆï½žï½ž"
akarimez,"æˆ‘ä¹Ÿæƒ³ä¸ŠåŽ»å½ˆè·³XD!!!!"
s0813707,"20250203"
mia10110060,"æ€Žéº¼å¯ä»¥é‚£éº¼å¯æ„›"
haru15,"å¥½å¥½åƒçš„æ„Ÿè¦º"
momoja0405,"æˆ‘æ²’äº†"
g840483938,"å¯æ„›æ­»"
xrayxrayxray,"å’¿å‘€å“ˆ"
t7cct7tc7c8,"å¥½å¯æ„›å•Šå•Š"
s06578,"å¥½ç™²æˆ‘å–œæ­¡"
WWW924051,"é€™ä¹Ÿå¤ªçµ²æ»‘"
UwUsb924549,"å‘€"
inspiration9,"äºŒåˆ·"
yu2501171025,"ç°½"
K941119,"ç¾Šç²‘ç²‘"
pink20111129,"ï¼ï¼ï¼"
xgu3771,"24ï¼7ï¼18 ä¸€åˆ·"
wunuynuy,"å‘€å“ˆï¼"
st5109185,"å¥½å¯æ„›"
zzx0914,"å•Šå•Šå•Šå•Šå•Šå•Š å¥½å¯æ„›"
g57z2p9hz8,"è¶…æ„›å°å…«"
orpeter2266,"å¥½å¯æ„›R"
sasujiya0214,"é€™å€‹YA~çš„é…éŸ³ä¹Ÿå¤ªå¥½ç¬‘ðŸ¤£"
a4090851206,"å·´å“ˆæˆ‘å¤§å“¥"
q3882222,"."
svn77,"å…”å“¥å¨æ­¦"
adcw,"Ê• â€¢á´¥â€¢Ê”"
qdi201716,"æˆ‘å¥½åƒæœ‰å‰ä¼Šå¡å“‡æ­£ç‰ˆå°å¨ƒå¨ƒ"
MilkTea157,"2025.11.25ç°½"
kmc41891,"å‰ä¼Šå€¼å¾—ä½ å„²å€¼ä»˜è²»"
BHSN00004rpu,"å…„å¼Ÿâ€¦ä½ å¥½é¦™"
Bananaaa,"æˆªåœ–ç•¶æ¡Œå¸ƒ"
DKLin0218,"åˆ¥æ€•30ç§’å»£å‘Šï¼Œå› ç‚ºä½ æœƒä¸€ç›´é‡æ’­çœ‹1å°æ™‚"
terryc92,"æŒ–å“­æŒ–å“­"
Tt97011,"å…„å¼Ÿ..."
fkps9450432,"çƒè–©å¥‡æˆ‘å¤§å…”å“¥"
thffhrherh5,"å…„å¼Ÿä½ å¥½é¦™"
yjyjyyjj,"æˆ‘æ˜¯å…”åª½å’ª"
Wufun123,"å—¨"
ryan950623,"ä¸‰å°"
opendassh,"å¥½å¯æ„›"
st5109185,"8"
Liny37723,"å…„å¼Ÿ"
skfq99492p,"è²·äº†æœƒå“¡çœ‹ä¸äº†å»£å‘Šå‘¢"
egggg0720,"å—šå•¦ å—šå•¦ å—šå•¦"
wwww98347,"å¯æ„›ï¼"
n2mdgjrmnx,"å˜»å˜»"
rc20081109,"å·´å“ˆæˆ‘å¤§å“¥"
peide256,"ä½ å¥½å‰ä¸€å¡å¨ƒ"
Euphie617,"æˆ‘å¯ä»¥é‡è¤‡Næ¬¡"
QAQ108017,"å¥½å¯æ„›"
hs109026,"å¥½å¯æ„›"
cjad20010827,"å—šå•¦"
paz76823361,"å¥½å¯æ„›"
Dd090527,"å…„å¼Ÿè½‰å€‹èº«"
koorishin,"ç™¼ç¾æ‰1åˆ†å¤šé˜å»è¦çœ‹30ç§’å»£å‘Šï¼Œç›´æŽ¥è²·ä»˜è²»:D"
s1080025,"çƒ"
aliny54689,"å¥½å¯æ„›å“¦ðŸ˜ðŸ¥°ðŸ¥°"
aaazxc348481,"é«”æ„Ÿä¸€åˆ†é˜"
tariuang,"æ³°å¯æ„›è¾£!"
sy09871601,"å¼·çƒˆå»ºè­°è²·æœƒå“¡ï¼ï¼ï¼"
Shsjwi,"å…„å¼Ÿä½ å¥½é¦™"
zzx0914,"å°å¯æ„›ç™»å ´ï¼"
akarimez,"è¶…å¯æ„›///////////////////"
laeglel,"çƒè–©å¥‡~~~~~~~"
murphyhu0219,"30ç§’çš„å»£å‘Šçœ‹ä¸€åˆ†åŠçš„å°å…«."
eric200571,"è›¤"
aids123die,"2024/11/28 äºŒåˆ· æ±‚æ›´æ–°"
amandalin607,"ä½ å¥½å¯æ„›å•ŠðŸ¥¹"
wugu10416,"å¥½å¯å“€"
Nakobalala,"å…„å¼Ÿ åƒçµ±ä¸€å¸ƒä¸å›‰"
egriawei,"é–‹é ­å°±çŽ©é£Ÿç‰©"
g840483938,"è¶…å¯æ„›"
nxjhcfynvq,"å¥½å¥½çœ‹å•Šï¼"
blight0710,"å•Šå•Šå•Šè¶…å¯æ„› æˆ‘æ²’äº†///"
IamBongu0626,"è½èªªè¾±è¯äº† ä¾†çœ‹çœ‹æ˜¯ä»€éº¼ç¥žä½œ"
designer22,"å…„å¼Ÿ"
rosa0812,"ç°½"
annana566,"å¥½èŒå–”"
llennskadi,"å…„å¼Ÿ...."
Onandoff,"å‘€!!!!"
enjoyuting,"å…„å¼Ÿâ€¦"
a24060535,"ç‚ºäº†çœ‹ å…„å¼Ÿï¼Œä½ å¥½é¦™ è²·æœƒå“¡"
Isjskana,"å…„å¼Ÿ è½‰èº« æœ‰æ€¥äº‹"
IIJiYi107,"æˆ‘çš„å‰ä¼Šå®å®ï¼ï¼"
qwq1204,"å¥½å¯æ„›ï¼ï¼ï¼ï¼"
BHSN00002kht,"é€™ä¸‰å°"
hhhh8514,"å…„å¼Ÿ ä½ å¥½æœ‰å‘³é“"
redskycity,"å‰å“‡"
Steven1226,"å…„å¼Ÿæœ‰æ€¥äº‹"
n1073219,"çƒè–©å¥‡æˆ‘å¯¶è²"
n5gh98vz4n,"å…„å¼Ÿä½ å¥½é¦™"
smoonzz,"é€™ä¸‰å°"
wxiaomei945,"å¥½å¯æ„›å•Šå¤©"
linliyan6008,"å¸ƒä¸å…”å…”ï¼ï¼ï¼"
Bananaaa,"é»é»é»"
angel1joanne,"å•Šå•Šå•Šå¯æ„›"
tsubakilee,"æˆ‘ç¬¬ä¸€æ¬¡çœ‹"
torappub70,"å¥½å¯æ„›å–”"
Roubert,"çœ‹å·´å“ˆé‚£éº¼ä¹… ç«Ÿç„¶æ˜¯å› ç‚ºå‰ä¼Šå¡å“‡èª²é‡‘"
ch0922,"ç¬¬ä¸€æ¬¡åœ¨å·´å“ˆèª²é‡‘å°±ç‚ºäº†å‰ä¼Šå¡å“‡"
w3616327,"æ± æ²¼å¸ƒä¸"
wxiaomei945,"æˆ‘æ˜¯æ–°ç²‰ðŸ¤¡ðŸ¤¡"
kaito0621,"å¥½å¯æ„›ðŸ˜ðŸ˜"
c107049,"å¹¹æˆ‘è·Ÿæˆ‘åŒå­¸ww"
S1104930830,"é¦–åˆ· æ©ŸçŽ‡ä¸‹ 2024/9/1"
gndr1798,"å…„å¼Ÿï¼Œä½ å¥½é¦™( ã€‚á»› â‚ƒá»)Ú¾"
kodgreen59,"å¡å“‡"
hettt5655,"çƒæ‹‰"
C8763jason,"å…„å¼Ÿ ä½ å¥½é¦™"
jessie78327,"æœ€æ„›å…”å“¥çƒè–©å¥‡"
mu317666,"æ™´ç©ºå¡”æœ‰çœ‹åˆ°é€™æ®µ"
tsubakilee,"æœ‰äººåœ¨å—Žå˜‰ç¾©

æœ‰äººåœ¨å—Ž+1"
Yan705,"æˆ‘å°±ä¾†çœ‹çœ‹ä»–åœ¨ç´…ä»€éº¼"
HeyMeow,"ç‚ºä»€éº¼æœƒæœ‰HOMOç™¼è¨€å•Šï¼"
BHSN00005180,"å…„å¼Ÿä½ å¥½é¦™"
TAITAN,"äº’èˆ”å°±æ˜¯å¦å¤–çš„åˆ†é¡žäº†"
kekerry75,"å¯æ„›"
cupid005,"2024/8/26ä¸€åˆ·"
onepluschen,"å¯æ„›åˆ°çˆ†ç‚¸"
Jing54017,"å…„å¼Ÿä½ å¥½é¦™XD"
badkin,"å…„å¼Ÿ"
Lancelot1204,"ç‚ºäº†å‰ä¼Šæˆ‘è„«é›¢ç•¶å…è²»ä»”"
qwq1204,"å•Šå•Šå•Šå•Šå•Šå¥½å¯æ„›"
badbadtzes,"é·—ç§‘"
a8962189,"å¥½å¯æ„›ï½ž^â€†_â€†^ðŸ˜"
yk2m6tbvb9,"å¯æ„›"
Sonnun,"å¥½å¯æ„›ðŸ« "
jnini107040,"å’¦å‘€ï¼ï¼ï¼ï¼ï¼"
kateihan0307,"é¦™é¦™çš„ï½žï¼ˆï¼Ÿ"
Mia1020214,"åœ¨çš„èªªè©±"
kevinerrt098,"å•Šï½žï½žï½ž"
dozwang,"^^"
karta2194512,"???"
kodgreen59,"å°å¯¶å¯¶å€‘ËŠ///Ë‹"
a631003,"é€™éš»é»ƒè‰²çš„å¥½æ¬ æ‰“"
jessie78327,"æœ€æ„›å…”å“¥çƒè–©å¥‡>///<"
brianbon,"å—…å—…"
yzf8rvkgnk,"æµ·å—¨å—¨å—¨å—¨ðŸ‘ðŸ‘ðŸ‘ðŸ‘ðŸ‘"
rockman73,"å…”å­è¶…ã„æ­ª"
luckmydog,"çœŸé¦™"
hs109026,"#På¯æ„›"
st5109185,"çƒè–©å¥‡å¯¶è²"
Furabbit,"å¥½å¯æ„›"
keroro9987,"æ„Ÿè¦ºè¶…é»è¸¢è¸¢çš„"
Alice5555,"åœ¨å¹¹å˜›"
NOSAJJASON,"å‰å…«"
amy20130605,"çœ‹èµ·ä¾†å¾ˆå¥½åƒ"
kg147369,"å‘€ï½žï½žï½ž"
q8882020,"å…„å¼Ÿ ä½ å¥½é¦™é˜¿"
alerub,"å¥½å¯æ„›"
fly410149,"å¯æƒ¡ æˆ‘å±…ç„¶ç‚ºäº†å‰ä¼Šå¡å“‡èª²é‡‘"
tina117,"æœ€å–œæ­¡çƒè–©å¥‡+1ï½žï½žï½ž"
thffhrherh5,"å…„å¼Ÿ ä½ å¥½ç”œ"
xliu70190,"å¥½å¯æ„›"
olivia0127,"å…”å­å¯æ„›å¯¶å¯¶"
shadow121010,"æƒ³åƒé¬†é¤…"
pikachiuweii,"å»£å‘Šæ¯”å½±ç‰‡ä¹…XD"
Angela213120,"???"
j1070526,"å¥½å¯æ„›å–”"
milkppt,"å…„å¼Ÿä½ å¥½é¦™"
hanning525,"2025.5.15ç°½åˆ°"
Dhkwk,"æˆ‘12äº†"
vicky220,"å¥½å¯æ„›~"
s1080025,"å…”å“¥"
a4391030,"å½±ç‰‡90ç§’ å»£å‘Š30ç§’"
joe71406,"???"
A524gino,"å…„å¼Ÿä½ å¥½é¦™"
gl0507,"è›¤?"
k122662479,"å¥½è®š"
Anima0415,"æˆ‘ä¹Ÿè¦åƒå¸ƒä¸"
haps108240,"y"
CATDOG2333,"å—¨"
joy613536,"å’¿å’¿å’¿å’¿å’¿å’¿å’¿å’¿å’¿å’¿å’¿å’¿å’¿å’¿"
robin7331899,"éŽåŠè­¦å‘Š"
mo0209,"æ„Ÿè¬å·´å“ˆä¸Šå‹•ç•«"
s109231,"å—¨"
Katie2013,"å¥½å¯æ„›"
annana566,"å–”æˆ‘è¦ä¸è¡Œæƒ¹"
lois19920926,"èª²çˆ†!!!!!!!!!!!!!!!!!!!!!!"
rosa0812,"å¯æ„›"
s0714eddie,"&2&8/$:7.!/"
haru15,"æœƒæœ‰èžžèŸ»XD"
Dhkwk,"æˆ‘ç«Ÿç„¶æœ‰åæ‡‰æ¬¸ï¼ï¼ï¼"
roucichiu,"å£æ„›"
Luna1023,"æˆ‘çš„å±è‚¡â¬‡ï¸"
cxj20130622,"å¥½å¥½åƒ"
st5109185,"å“‡"
kbfr,"çœ‹åˆ°å£žé¬†é¤…ç›´æŽ¥ç¬‘å‡ºä¾†"
ye978799,"å¥½å¯æ„›"
seeso,"ç¢°ï¼"
Yuooo1221,"å¯æ„›"
badbadtzes,"äº”ä¸ƒè¦ªæ„›çµ¦å…§é¬§é¬§"
wegt458,"ä½ é€™å€‹å£žé¬†é¤…"
qOuOl,"ç¢°"
udte0503,"æ€Žéº¼åˆ°è™•éƒ½æœ‰homoé˜¿ (æƒ±"
peter880421,"å¯¶å¯¶!"
jobe13321712,"è›¤~"
yukipedia,"å…„å¼Ÿâ€¦"
Meatbun1204,"éŽåŠè­¦å‘Š(ä¹Ÿå¤ªå¿«xd)"
pinky122116,"<(Ë™â–½Ë™<)"
ryanwu0615,"å¥½å¯æ„›"
Onandoff,"ç¢°"
phone0331,"TV"
ooxx1125,"ðŸ˜¯"
s0714eddie,"Isuzu b hsushshushs sixoxiuðŸ«’ðŸ˜‚ðŸ«’"
sioderdiu2,"ç“¦å‹žèª’"
Bro0201,"æˆ‘æœ‹å‹å°„äº†"
nina766335,"å…”å­å¥½é¬§ðŸ¤£ðŸ¤£å¯æ„›"
Wilfred326,"é˜¿"
annana566,"é¬†é¤…ï¼Œä½ å¥½é¦™( ã€‚á»› â‚ƒá»)Ú¾"
annana566,"äººé¡žï¼šæ‰‹æ©Ÿå…ˆåƒ"
annana566,"é€™é£Ÿç‰©é€™ç®—ä¸ç®—SM"
chenwenxin,"ç£…ï¼"
thffhrherh5,"å…„å¼Ÿ æƒ³è¶´ä½ "
Bananaaa,"ç‚ºä»€éº¼è¦æ‹ï¼Ÿ"
yuyan5831,"çœŸçš„å¥½ç™‚ç™’"
wunuynuy,"ä»€éº¼å¯æ„›å°å¡é€šï¼æ ¹æœ¬ç¾Žé£Ÿç¯€ç›®å—ŽðŸ§¡ðŸ§¡ï¼"
xman123,"%"
mia7721,"å¥½æ„›å…”å…”çš„ç²¾ç¥žç‹€æ…‹"
season1011,"æˆ‘æ˜¯é¬†é¤…ww"
Newbiesama,"spanking"
qwe30315,"æˆ‘ä¹Ÿæƒ³æ‹æ‰“é¬†é¤…"
Jamei0111,"çƒè–©å¥‡"
Mia1020214,"2æœˆ9æ—¥"
cwr1120,"ðŸ•"
cjad20010827,"å¥½é¦™å•Š"
sevenwgsss,"bonk"
jerrywu6380,"å¥½é¬§å–”www"
BBB122328,"%"
st5109185,"å¥½æƒ³åƒ"
ayiimilk,"å“ˆå“ˆå“ˆ"
ching72325,"å¥½å¯æ„›"
tiger5567,"è¬è¬å·´å“ˆ"
vicky220,"ç„¡æ•µå¯æ„›ï¼ï¼"
cecelia0407,"æˆ‘åˆ‡åˆ‡åˆ‡ï¼"
yqr1009,"è¶…å¯æ„›ã„Ÿ"
Furabbit,"å¥½å¥½åƒ"
shmily120433,"å¿«è¢«å¯æ„›æ­»äº†æ•‘å‘½"
BHSN000058k3,"æ‰“æˆ‘å±è‚¡"
sunnyjiss6,"é£Ÿç‰©SM"
JIGUANG2010,"éŽåŠè­¦å‘Š"
keroro9987,"ä¸è¦çŽ©é£Ÿç‰©"
mia7721,"2024/11/11ç°½"
Angela213120,"???????????????????????????"
yuri930603,"é€™æ˜¯å¤ªç†±å†æ‹åå¢Šçš„æ„Ÿè¦º"
rc20081109,"%%%"
amazingcaty,"æ„Ÿè¬å·´å“ˆä¸Šæž¶è¶…å¯æ„›å‹•ç•«ï¼"
alen940115,"å¥½æƒ³æ‰ä»–å€‘å–”"
timlin0808,"wow"
m18322415928,"ðŸ˜‹"
n1073219,"æˆ‘æƒ³åƒé¬†é¤…ðŸ¥ž"
rvvvv,"åƒè²¨å…”å…”"
ariel0321,"å¥½å¯æ„›"
Ohayouu,"å’–å“‡ä¼Š"
s7012806,"è®“æˆ‘æƒ³åˆ°æ‰“å¥³å‹å±è‚¡"
qwe30315,"å¥½æƒ³åƒ"
sholfen,"æ‹æ‰“æ´›å¯é˜¿å¬¤"
hs109026,"#På¯æ„›å•Šå•Š"
Bananaaa,"çœ‹èµ·ä¾†ä¹Ÿå¤ªå¥½åƒ"
monkeyyo001,"å¥½åƒ"
chiinhsuan,"ç‚ºäº†å‰ä¼Šå¡å“‡èª²é‡‘"
g840483938,"å¯æ„›"
loenyen73,"çƒè–©å¥‡è·Ÿå‰ä¼Šå¡å“‡æ˜¯é…’è‚‰æœ‹å‹"
UUu00329,"å…”å“¥å¥½å¯æ„›www"
Kujila510710,"åª½çš„åª½çš„åª½çš„"
bubble0315,"é åƒå¥½å¿«"
aliny54689,"ç”¨éŸå­åˆ‡ï¼Ÿå°å…«ï¼šã€Œå°å•Šã€æˆ‘ï¼šã€ŒðŸ¤£ðŸ¤£ðŸ¤£ã€"
qwe30315,"æ—©é¤åƒé¬†é¤…"
CATDOG2333,"å¯æ„›å‘€"
peggy062800,"å¥½æƒ³åƒï½ž"
st5109185,"è¥¿"
lonely250,"å…”å­åƒæ±è¥¿å¥½å¯æ„›w"
belleee,"å¥½å¯æ„›çš„å‰ä¾å¯¶å¯¶ æƒ³ä¸€å£åƒæŽ‰"
WWW924051,"æŒ–æ§½ æš´é¢¨å¼åžå…¥ ä¹Ÿå¤ªå¯æ„›äº†å§"
aa91a0112,"ä»€éº¼å¥‡æ€ªç”Ÿç‰©"
meng7917,"ä¸€å€‹ã€Œå•Šã€å„ç¨®æƒ…ç·’"
Tony15246,"å¯æ„›"
kylieisme094,"å¥½å¯æ„›ðŸ˜"
vicky220,"ðŸ¸"
kateihan0307,"æ·±æ·µå·¨å£(â ï¾‰ï¾Ÿâ 0ï¾Ÿâ )â ï¾‰â "
emma061105,"å‰ä¼Šå¡å“‡åœ¨å¹«å‹•ç•«ç˜‹è³ºéŒ¢å—Ž å…å»£å‘Šçš„éŒ¢"
tsubakilee,"æœ‰äººè·Ÿæˆ‘ä¸€æ¨£æ™šä¸Šçœ‹å—Ž
çœ‹äº†å¿«é¤“æ­»"
patty902,"æƒ³åƒé¬†é¤…äº†å“ˆå“ˆå“ˆå“ˆå“ˆ"
chin0924,"ä¸€å£å¡žä½ åˆ°åº•æ˜¯å…”å­é‚„æ˜¯å€‰é¼ "
Griswold,"æ‘¸éª¨æ‘¸éª¨"
a28607,"é«”æ„Ÿä¸€åˆ†é¾â€¦"
s1080025,"é«”"
zijunwei0202,"æˆ‘çˆ¸çˆ¸å¼µæ–‡éƒ¡"
peach9611,"å–œæ­¡çœ‹å…”å…”åƒæ±è¥¿è¶…å¯æ„›ðŸ˜"
fuyuyoru030,"å•Šå•Šå•Šå•Š"
cjad20010827,"æš´åŠ›åƒé¬†é¤…"
smoonzz,"å•Šå•Šå•Šé‚£å€‹è¶…å¯æ„›æ˜¯æ€Žæ¨£å•¦"
joy613536,"å’¿å’¿å’¿å’¿å’¿å’¿å’¿å’¿å’¿å’¿å’¿å’¿å’¿å’¿å’¿å’¿å’¿å’¿å’¿"
ann84,"è²·äº†è²·äº† æœˆç§Ÿæ–¹æ¡ˆç‚ºäº†çœ‹é€™å€‹XDD"
abc21086999,"?????????"
joanna0321,"30ç§’çš„å»£å‘Šï¼šï¼‰"
g840483938,"å®¢æ„›æ„›"
asure8888,"ä¸æƒ³è®Šåªè¦ä¸»æµå°±èªªè¨ŽåŽ­ï¼Œä¾†å˜—è©¦äº†è§£é€™ä¸‰å°"
tiff6323,"å¥½å¯æ„›å–”"
allencgl1,"é€™åˆ°åº•æ˜¯ä¸‰å°"
Beeeeeemuuu,"çœŸå¥½ç”¨"
dd8842245,"å¤ªå¿«å°±1é›†äº†å§"
chenyin09,"yuuyuyu"
ol0SOW0lo,"æƒ³åƒæ°·å·æ—¥èœï¼ˆCVå°æ¾¤äºžé‡Œï¼‰åœ¨å¹•å¾Œé¬¼å«"
jimmy0416,"æ™šå®‰"
dodylee0107,"å“ˆå“ˆå“ˆå“ˆå“ˆ"
aaaanini0824,"å“‡å•Šå•Š"
SUDU9527,"ä»€éº¼çµæŸäº†ï¼ï¼Ÿæˆ‘åˆ°åº•çœ‹äº†ä»€éº¼ï¼Ÿï¼Ÿ"
z9ha45pt26xo,"è¶´ï¼æ²’äº†"
kodgreen59,"æœŸå¾…åŠ å…¥å°å…«çš„æ¼”å”±:"D"
annana566,"å†·çŸ¥è­˜ï¼šå·²çµæŸï¼Œè€Œä¸”ç‰‡å°¾å¾ˆé•·<(Ë™â–½Ë™<)"
lina1050091,"è›¤"
doggypig2019,"å¥½å¯æ„›å–”ï½ž"
yoyohsu1005,"â¤â¤â¤"
pkpkpk86520,"å°çŸ¥è­˜:å…”å­å¤–çš„å…©å€‹ä¸»è¦è§’è‰²éƒ½æ˜¯å°å­©é…çš„"
vicky220,"è¶…è®šã„‰ï¼ï¼ï¼ï¼ï¼ï¼ï¼"
LiaoWenhua,"ä¸æ˜¯é«”æ„Ÿä¸€åˆ†é˜ï¼Œæ˜¯çœŸçš„åªæœ‰ä¸€åˆ†é˜"
BHSN000058k3,"æ²’äº†ï¼Ÿï¼Ÿï¼Ÿï¼Ÿï¼Ÿï¼Ÿï¼Ÿï¼Ÿï¼Ÿï¼Ÿï¼Ÿï¼Ÿï¼Ÿï¼Ÿï¼Ÿï¼Ÿï¼Ÿ"
evaasgg128,"ï¼Ÿï¼Ÿã„¡ã„¡ã„¡ã„¡"
linliyan6008,"éŸ³ä¹è¶…å¥½å¬ä¹Ÿè¶…å¯çˆ±~~~"
Lucy08070807,"å¤ªå»¢äº†å§ï¼Ÿ"
jnini107040,"(*Â¯ï¸¶Â¯*)"
nitama487,"æ™‚é–“å°å·"
rosa0812,"é€™åˆ°åº•æ˜¯ä¸‰å°"
chi525051,"é«”æ„Ÿ90ç§’"
Tyhbnvfg,"æ²’äº†å°±é€™æ¨£é è…°å•Š"
TONKEN,"èˆ‡"
sevenwgsss,"ç²¾ç¥žæ™‚å…‰å±‹"
amazingcaty,"æœŸå¾…å°å…«å‡ºå ´ï¼"
tiyu1118,"è›¤"
Pooooooooooo,"é«”æ„Ÿä¸€åˆ†é˜"
Tomachen,"ä¸çœ‹è²å„ªè¡¨æ­»éƒ½èªä¸å‡ºå…”å­æ˜¯å°æ¾¤äºžæŽ"
a4810159,"æª”æ¡ˆçš„å°ç‘ªèŽ‰cv"
N4070022,"?"
leteargerbob,"è¦æ’åˆ°13-14é›†æ‰é–‹å§‹æœ‰åŠ‡æƒ…å–”~~~"
a4391030,"å½±ç‰‡90ç§’ å»£å‘Š30ç§’?????"
emma061105,"ä¸€åˆ†é˜é€™éº¼çŸ­"
mein589,"?????"
geoguessr,"é«”æ„Ÿ10ç§’é˜"
amywei03,"æ—¥æœ¬"
aasw91330,"åŽŸä¾†ä¸€é–‹å§‹æ²’æœ‰å°å…«å”±æ­Œ"
sXD324,"è›¤"
etal,"XDD"
Lisa2012821,"æ²’äº†ï¼Ÿï¼Ÿï¼ŸðŸ–•ðŸ–•ðŸ–•ðŸ–•ðŸ–•"
loveyou78912,"æœ¬ä¾†å°±ä¸€åˆ†é˜æ˜¯åœ¨é«”æ„Ÿä¸‰å°"
etal,"ä»€éº¼ï¼Ÿæ²’äº†ï¼Ÿ"
FATEMO,"è›¤"
a1710199021,"å“ˆå“ˆå“ˆ"
qOuOl,"è›¤ï¼Ÿ"
jp956956," è›¤?"
czkcqkqzty,"é€™åˆ°åº•æ˜¯ä»€éº¼é¬¼"
zaken000,"é‚£å€‹ä»€éº¼ä»€éº¼æ„›å“­é¼ å’©www"
tommy1020712,"ï¼Ÿï¼Ÿï¼Ÿï¼Ÿï¼Ÿï¼Ÿï¼Ÿï¼Ÿï¼Ÿï¼Ÿï¼Ÿï¼Ÿï¼Ÿï¼Ÿï¼Ÿï¼Ÿï¼Ÿï¼Ÿï¼Ÿï¼Ÿ"
ella0205,"å¥½å¯æ„›å•Šå•Šå•Šå•Šå•Šå•Šå•Š"
sodragon,"?????"
tsubakilee,"æ²’äº†ï¼Ÿï¼Ÿï¼Ÿï¼Ÿï¼Ÿï¼Ÿï¼Ÿï¼Ÿï¼Ÿï¼Ÿï¼Ÿï¼Ÿï¼Ÿï¼Ÿï¼Ÿï¼Ÿï¼Ÿï¼Ÿ"
loenyen73,"æ²’æ­Œè©ž"
yu2501171025,"æ²’äº†ï¼Ÿï¼Ÿï¼Ÿ"
a54494028,"å—šå“‡å—šå“‡ æ²’äº†ï½ž"
Zoe1010521,"å»£å‘Š30ç§’é€²ä¾†ä¸€åˆ†é˜"
RTty971105,"æˆ‘åœ¨çœ‹ä»€éº¼ï¼Ÿï¼Ÿï¼Ÿ"
z9ha45pt26xo,"é«”æ„Ÿä¸€åˆ†é˜"
yyz0329,"å¥½å¯æ„›"
Danielyang00,"è¶…å»¢"
p1997201244,"1åˆ†é˜XD"
roubai1203,"æ³¡éºµéƒ½é‚„æ²’å¥½"
Sadone2005,"å¡æ‹‰okç‰ˆï¼ˆX"
kobeleobryan,"ï¼Ÿï¼Ÿï¼Ÿï¼Ÿï¼Ÿï¼Ÿï¼Ÿ"
tokl2508,"çœŸçš„é«”æ„Ÿä¸€åˆ†é˜"
A19971212,"é«”æ„Ÿä¸€åˆ†é˜"
cyc0321,"å¯ä»¥"
mika1011002,"ï¼Ÿï¼Ÿï¼Ÿï¼Ÿï¼Ÿï¼Ÿ"
ann84,"å°å…«åœ¨çµå°¾ å¯æ„›"
st5109185,"è¥¿è¥¿ä¸è¥¿è¥¿"
shinnae26,"============"
c107049,"çœŸçš„é«”æ„Ÿ3ç§’"
yenlin1004,"é›–ç„¶çŸ¥é“å¾ˆçŸ­ä½†çœŸçš„åš‡åˆ°æˆ‘äº†ðŸ¤£"
cheninda1234,"æ²’äº†ï¼Ÿ"
LordXavier,"??"
mo000136,"å“­å•Š ä¸€åˆ†é˜çš„å½±ç‰‡ è¦çœ‹ä¸‰åç§’çš„å»£å‘Š"
a52219951,"ç‚ºäº†é€™ä¸€åˆ†é˜çœ‹30ç§’å»£å‘Š å»£å‘Šå•†è³ºçˆ›"
house816,"6"
kateihan0307,"ï¼Ÿï¼Ÿï¼Ÿï¼Ÿï¼Ÿ"
gl0507,"å¥½å¿«"
tsm55555,"??????????"
JinAurora,"å¾ˆå¯æ„›ä¸è¦åµ"
ly127,"å¹¹æ€Žéº¼æ²’äº†ï¼Ÿï¼Ÿï¼Ÿï¼Ÿï¼Ÿï¼Ÿï¼Ÿï¼Ÿï¼Ÿï¼Ÿï¼Ÿï¼Ÿï¼Ÿï¼Ÿ"
s06578,"è›¤"
kikiandgd,"å¯æ„›"
s3dh2,"å¹¹å¤ªå¿«"
dc92044sony,"????????????????????????????"
BHSN00000q3t,"å¥½å¯æ„›"
hp76249,"æ²’çœ‹éŽé€™éº¼å¿«çš„"
realandtrue,"éª¨æ„Ÿä¸€åˆ†é˜"
a4391030,"å½±ç‰‡ä¸åˆ°90ç§’ å»£å‘Š30ç§’"
x0902,"é«”æ„Ÿä¸€åˆ†é˜..."
yinqiancai02,"å¥½å¯æ„›å•Šå•Šå•Š"
nehsh101,"è›¤ æ²’äº†"
becky1020109,"è›¤"
xiupingdang,"å•Šï¼Ÿ"
carnew681012,"ç­‰ä¸€ä¸‹ æˆ‘ä¸æ˜¯å‰›çœ‹ï¼ï¼Ÿ"
Rei9488,"çœŸâ€¢é«”æ„Ÿä¸€åˆ†é˜"
A15874875,"é«”æ„Ÿä¸€åˆ†é˜"
lois19920926,"å¥½æƒ³åƒ"
junhui9520,"è›¤...ï¼Ÿ"
account77615,"å»£å‘Š30ç§’æ­£ç‰‡ä¸€åˆ†é˜ ä½†æ˜¯å¤ªå¯æ„›æˆ‘é¡˜æ„ðŸ˜"
yuzhuang912,"ä¸€é›†ä¸€åˆ†ä¸‰åç§’ ç‰‡å°¾æ›²å 20ç§’"
shadow121010,"çœŸçš„æ˜¯ä¸€åˆ†é˜"
kevin1998oo,"ç­‰äº†30ç§’ çœ‹äº†ä¸€åˆ†é˜"
RoaBoa850216,"é€™å•¥çŽ©æ„å…’XDDDD"
cdfh1284841,"???????"
timlin0808,"å¥½å¥½åƒçš„æ„Ÿè¦º"
yymkc,"é«”æ„Ÿä¸€åˆ†é˜"
a70888765,"é«”æ„Ÿä¸€åˆ†é˜"
Bokey1423,"å¡ä¼Šå¡å“‡"
seisaisha,"????????????????????????????????"
hau740212,"???????????????????????????"
Anima0415,"åˆè¦å»£å‘Šäº†"
pig61012,"30ç§’å»£å‘Šçœ‹1åˆ†é˜"
kk0913538560,"ä¸‰å°æ€Žéº¼æ²’äº†"
yuyi7613,"ç¬‘æ­»"
Kthunderbolt,"æˆ‘çˆ±å°å…«"
A1010010,"æˆ‘é‚„åœ¨æ€è€ƒæ­£ç‰‡åœ¨å“ªå°±æ²’äº†"
ncbob,"XDDDDDDD"
win7288,"å¥½èŒå‘€ï½ž"
love20201128,"é­”æ€§"
Lucy08070807,"åˆ°åº•æ˜¯åœ¨ç´…æ€Žæ¨£çš„å•Š"
wuted,"å…„å¼Ÿï½ž"
ox22081,"ç¬‘å±ŽðŸ¤£ðŸ¤£ðŸ¤£"
jimmy0416,"å—¨ æ™šå®‰"
yurouhong36,"æœ‰å–œæ­¡å‰ä¼Šå¡å“‡çš„è¦åŠ igå—ŽIG:h._.y._.r._.0201"
yiling0807,"å•Šï¼Ÿ"
kateihan0307,"no~"
leteargerbob,"è¦æ’åˆ°13-14é›†æ‰é–‹å§‹æœ‰åŠ‡æƒ…å–”~~~~"
Webb2012,"1"
homo760123,"é«”æ„Ÿ10ç§’"
jasonlin0331,"è›¤"
yuye00571,"è›¤"
Aa5709453,"é€™..ðŸ”šäº†ï¼Œçœ‹äº†ðŸ˜”ðŸ’¬"
snowball1292,"æ¯ç½"
s1080025,"è²“"
bear508,"æˆ‘çš„æ³¡éºµé‚„æ²’å¥½"
joanne789,"æ‰1åˆ†é˜ æˆ‘è¦çœ‹30ç§’çš„å»£å‘Šï¼Ÿ"
WWWW1108,"å¥½å¯æ„›å‘€\(//âˆ‡//)\"
xinghe820,"é«”æ„Ÿä¸€åˆ†é˜"
loenyen73,"æˆ‘ä¹Ÿæ˜¯ç‚ºäº†å‰ä¼Šè²·æœƒå“¡ðŸ˜‚ðŸ˜‚"
annana566,"æ‰€ä»¥ç‚ºå•¥å½ˆå¹•è¦ä¸€ç›´å…„å¼Ÿçš„( ï½¥á·„á½¢ï½¥á·… )ï¼Ÿ"
YEYU8964,"é«”æ„Ÿ20ç§’"
jobe13321712,"???????????????????"
J310923,"æˆ‘è²·å…å»£å‘Šäº†"
rosa0812,"å•Šå•Šå•Šå•Š"
g840483938,"æ²’æœ‰äº†å“ˆå“ˆå“ˆã„é˜¿"
a38395654a,"å…„å¼Ÿ"
Melody122,"ç‚ºä»€éº¼è¦ä¸€ç›´å…„å¼Ÿçš„( ï½¥á·„á½¢ï½¥á·… )"
st5109185,"è¯¶"
AS52302100,"OK......."
jimmy0416,"æŽ°æŽ° æ™šå®‰"
acgn75410302,"ç‚ºäº†å‰ä¼Šå¡å“‡ç¬¬ä¸€æ¬¡è²·äº†æœƒå“¡ðŸ‘"
yinqiancai02,"å°å…«ðŸ’—"
g840483938,"æ³¡æ³¡é©—è¶…å¸‚å’Œçœ‹"
ZED8090,"ZMB"
Mia130,"é«”æ„Ÿä¸€ç§’é˜ææ•¢ä¸€ç§’é˜"
D0690422,"å…„å¼Ÿæœ‰äº‹è«‹è½‰èº«"
swyan,"ËŠËŠËŠËŠËŠËŠËŠËŠËŠËŠËŠËŠËŠËŠËŠËŠËŠËŠËŠ"
Webb2012,"æˆ‘"
kekerry75,"ðŸ˜€"
linzzi,"æ²’äº†ï¼Ÿï¼Ÿï¼Ÿï¼Ÿ"
st5109185,"å“ˆ"
